caseId,accessCode
1671105523084443,6PFELE6C
1671105575744381,66BSJFDF
1671105633595130,AP9TMNV6
1671206333269180,6FMRJMEG
1671206414745348,WBVVBZMN
1671206419670665,9G7KBC29
1671206455275635,923J3L4H
1671206492194070,DXD7VMSZ
1671206564776960,6X5AWSAW
1671206595848291,S7M5A6ER
1671206628918426,VZA2JRAY
1671206665751102,F3K4PXLA
1671206700918252,9HXD49BA
1671206738475911,RHCR66WR
1671206772285739,8KPWGV7X
1671206806953898,P82YVSZM
1671206838691284,96NXNT67
1671206921637566,JR3C4HZB
1671206944892115,STK9SP4N
1671206985978435,EPVDB6CF
1671207053901663,CT4BBYKM
1671207089710633,BATB8DRY
1671207128664874,JFX76N3G
1671207160886633,SWSK4ALC
1671207199005619,SZNFW729
1671207228727795,29MZY9HF
1671207305394923,23LEBP58
1671207337608944,WSH89ZJP
1671207447641801,CF7KYNJZ
1671207511548304,AJ6VVE3A
1671207547492949,S669JA44
1671207581855670,6ZECWHLK
1671207619848168,S6HVX724
1671207653796901,VN38TK6X
1671207692798660,9E7BLDZY
1671207762227772,LTE52MCF
1671207793872638,A3GTCR6H
1671207828818697,ELNCEF3R
1671207869225968,93ZKKBYR
1671207899083387,MA9RGGD3
1671207967533503,L5PP5EXG
1671207938251474,XBNJ6GEF
1671208009411278,C23GF662
1671208040694775,Y4G8H3Y3
1671208111656455,LK6EV6GY
1671208079478439,3RWDJPPE
1671208223893244,SZLHGXG2
1671208256906947,3556RMGD
1671208287486539,4V93WMKF
1671208322004776,36Z97Y6E
1671208362841566,6Y6T92RD
1671208397317764,7A7FEL3M
1671208430062229,DCZ6GPV3
1671208464811707,4TM9TTVC
1671208536004471,58H4YKPR
1671208607972143,C9PY59JY
1671208643783967,DVJYLT5R
1671208674921700,KVLM7TCL
1671208712913206,SMEKY97W
1671208855418211,MMYLB9SD
1671208889397910,XGFZPT6N
1671208967449989,MKYNM2ZK
