caseId, hearingRequest
1662471102038221,2900018674
1662471137346375,2900018694
1662471119962298,2900018695
1662471154804744,2900018698
1662471172428112,2900018703
1662471189824980,2900018708
1662471207156399,2900018709
1662471224010207,2900018718
1662471241064187,2900018734
1662471258529346,2900018740
1662471275434173,2900018745
1662471292451374,2900018752
1662471309905701,2900018776
1662471326513165,2900018780
1662471343662946,2900018789
1662471360965172,2900018798
1662471377527171,2900018808
1662471394466635,2900018811
1662471411673304,2900018812
1662471428966998,2900018815
1662471445906373,2900018829
1662471463287003,2900018836
1662471480385301,2900018851
1662471515911394,2900018852
1662471498726090,2900018855
1662471534119110,2900018857
1662471550849095,2900018867
1662471567614011,2900018869
1662471602538647,2900018885
1662471620435008,2900018887
1662471585539174,2900018888
1662471637727892,2900018898
1662471654796069,2900018902
1662471672026416,2900018914
1662471689701365,2900018915
1662471707235396,2900018916
1662471725184790,2900018917
1662471760343194,2900018918
1662471741742266,2900018919
1662471777214024,2900018920
1662471794488122,2900018921
1662471811970409,2900018922
1662471829628981,2900018923
1662471847111440,2900018924
1662471863957874,2900018925
1662471882084593,2900018926
1662471899153381,2900018927
1662471934477837,2900018928
1662471916610678,2900018929
1662471951559574,2900018930
1662471968409565,2900018931
1662471987198785,2900018932
1662472005034911,2900018933
1662472022570236,2900018934
1662472040257048,2900018935
1662472057352492,2900018937
1662472075304467,2900018938
1662472093840393,2900018940
