caseId,hearingRequest
1676031404295558,2900055759
1676049388796714,2900055760
1676049134090172,2900055761
1676049696707551,2900055762
1676030933822445,2900055763
1676031404295558,2900055764
1676049388796714,2900055765
1676049134090172,2900055766
1676049696707551,2900055767
1676030933822445,2900055768
1676031404295558,2900055769
1676049388796714,2900055770
1676049134090172,2900055771
1676049696707551,2900055772
1676030933822445,2900055773
1676031404295558,2900055774
1676049388796714,2900055775
1676049134090172,2900055776
1676049696707551,2900055777
1676030933822445,2900055778
1676031404295558,2900055779
1676031404295558,2900055780
1676031404295558,2900055781