caseId,access
1772525513425538,CKRXJS2N
1772524937412289,ANWDZB73
1772524271587753,M3BSKRDW
1772524001402182,VCXYHKAF
1772524975724116,ECKBXRJL
1772524955595619,62ELLVWB
1772524865595188,KKDXCKYJ
1772523317464662,KLAZRCJ2
1772524037444943,D3WC6LCV
1772523785582730,KSBH7457
1772581124104319,W2JBHTV8
1772581160036078,GYZMYHEN
1772581088684884,X83ST934
1772581232190317,WMNAFZRR
1772581196075728,X2MCS2MV
1772581268190488,Y5AX5742
1772581303975109,JAKBJFXP
1772581376096452,TT25MWK6
1772581520053201,C4KXRGEF
1772581628072483,HMKG3M66
1772581591965747,6RZHBJEP
1772581739220781,Z48VVBWX
1772581665107655,HWMJWABA
1772581555912057,PF56TJCM
1772581772744853,CXH3PJJV
1772581809682936,FGMG3DNW
1772581845466245,9ED4MK8V
1772581916403317,24NEVE8L
1772581880170207,2ELDY7HF
1772581988872175,Z97GJBCZ
1772582131918931,VN5LX6NW
1772582024137052,P2Z3HTMA
1772582240026329,HPMBTLLB
1772582203948279,4DN27EET
1772582348115040,CYPW7A3S
1772582312041479,LT7R45P6
1772582275965391,ME5VLWK2
1772582491961026,AFWMLEME
1772582563987495,8KP9M7CD
1772582743998511,WXL4VEXH
1772582636313125,D8K3YV58
1772582708023032,CKZNPSBC
1772582779914770,5F4N5FCB
1772582852135137,8RFRKGVK
1772582888285138,84GJYCXJ
1772582959943912,LHATVEA9
1772582816208939,E482ZNVA
1772583068024651,569FMX7L
1772582996370582,2KDA76S7
1772584327954845,A5HF7CJX
1772584544144964,H26LY9KF
