caseId,cancelCivilHearingRequestId
1705064517049526,2900082257
1705064554109621,2900082300
1705064570399164,2900082453
1705064589917691,2900082699
1705064607163500,2900082746
1705064624890655,2900082753
1705064698775840,2900082945
1705064714973858,2900082990
1705064751492150,2900083462
1705064780023059,2900083544
1705064787082900,2900083549
1705064806997906,2900083570
1705064829786799,2900083708
1705064842746416,2900083803
1705064858865894,2900083819
1705064881307781,2900083832
1705064895469775,2900083862
1705064912984616,2900083896
1705064938481142,2900083908
1705064965812193,2900083982
1705063237287267,2900084044
1705063254625167,2900084059
1705063273604367,2900084070
1705063294060581,2900084086
1705063310859594,2900084092
1705063331126098,2900084110
1705064022557179,2900084252
1705064033495765,2900084298
1705064051279794,2900084310
1705064069815456,2900084325
1705064084760760,2900084331
1705064105919049,2900084341
1705064123269013,2900084353