caseId,updateCivilHearingRequestId
1709500852269811,2900123197
1709500878348813,2900123202
1709500896955987,2900123204
1709500927800905,2900123206
1709500920109593,2900123210
1709500931398524,2900123211
1709500937819135,2900123212
1709500943714205,2900123215
1709500954519964,2900123217
1709500960228295,2900123216
1709500975224966,2900123222
1709500950622531,2900123223
1709501013927719,2900123224
1709500979717254,2900123225
1709499793621273,2900123227
1709499811773320,2900123235
1709499854741168,2900123238
1709499823075037,2900123239
1709499865285361,2900123240
1709499870350135,2900123242
1709499888080476,2900123244
1709499890830843,2900123246
1709499921589467,2900123247
1709499910939095,2900123248
1709499946542160,2900123249
1709499948684184,2900123252
1709499923875500,2900123253
1709499969517362,2900123255
1709499976901732,2900123268
1709500034050980,2900123269
1709500030494448,2900123270
1709499994095467,2900123272
1709500039891586,2900123277
1709500054450177,2900123278
1709500066906851,2900123281
1709500088599486,2900123283
1709500063153929,2900123286
1709500145556404,2900123287
1709500163853386,2900123288
1709500093774082,2900123289
1709500174321167,2900123290
1709500203225330,2900123292
1709500196687017,2900123295
1709500223017477,2900123303
1709500219455384,2900123304
1709500236670155,2900123306
1709500247704498,2900123308
1709500257394685,2900123310
1709500192289016,2900123317
1709500276186336,2900123322
1709500283837574,2900123321
1709500293253440,2900123324
1709500303555396,2900123325
1709500344973152,2900123328
1709500323974817,2900123327
1709500315483074,2900123329
1709500358986918,2900123330
1709500333242106,2900123331
1709500350096088,2900123332
1709500363048084,2900123333
1709500374355213,2900123339
1709500389101826,2900123340
1709500384839263,2900123341
1709500394841655,2900123343
1709500406296096,2900123346
1709500504623373,2900123354
1709500518376570,2900123356
1709500516801215,2900123359
1709500526833182,2900123362
1709500536735856,2900123363
1709500571295642,2900123365
1709500577538169,2900123366
1709500590335924,2900123369