caseId,civilhearingRequestId
1709396407950520,2900127766
1709396429443892,2900127768
1709396416359952,2900127771
1709396447357934,2900127774
1709396458670951,2900127776
1709396445611993,2900127779
1709396466144460,2900127781
1709396495400321,2900127783
1709396458579525,2900127786
1709396514060403,2900127789
1709396520156369,2900127791
1709396522401045,2900127793
1709396534546001,2900127797
1709396537425534,2900127799
1709396542754282,2900127801
1709396568471621,2900127804
1709396552966172,2900127806
1709396574011601,2900127809
1709396586121505,2900127811
1709396588980064,2900127813
1709396603672142,2900127816
1709396608298448,2900127819
1709396618752731,2900127822
1709396640010637,2900127823
1709396624576132,2900127826
1709396653181812,2900127829
1709396669921755,2900127831
1709396682817220,2900127834
1709396689180622,2900127836
1709396048757847,2900127838
1709396048757847,2900127689
1709396093677965,2900127692
1709396062115633,2900127694
1709396064949922,2900127697
1709396100538051,2900127700
1709396090571450,2900127702
1709396115018891,2900127705
1709396152784603,2900127708
1709396124792692,2900127709
1709396179762632,2900127712
1709396192786055,2900127715
1709396209461064,2900127717
1709396237784255,2900127719
1709396223649587,2900127722
1709396220387116,2900127725
1709396250843228,2900127727
1709396262045994,2900127730
1709396269366328,2900127732
1709396289020988,2900127735
1709396292896655,2900127737
1709396304318615,2900127740
1709396319419366,2900127742
1709396312234721,2900127745
1709396329705846,2900127747
1709396334639816,2900127750
1709396346862224,2900127752
1709396352642015,2900127754
1709396377568468,2900127757
1709396393556943,2900127761
1709396402455731,2900127763
1709396048757847,2900127689
1709396093677965,2900127692
1709396062115633,2900127694
1709396064949922,2900127697
1709396100538051,2900127700
1709396090571450,2900127702
1709396115018891,2900127705
1709396152784603,2900127708
1709396124792692,2900127709
1709396179762632,2900127712
1709396192786055,2900127715
1709396209461064,2900127717
1709396237784255,2900127719
1709396223649587,2900127722
1709396220387116,2900127725
1709396250843228,2900127727
1709396262045994,2900127730
1709396269366328,2900127732
1709396289020988,2900127735
1709396292896655,2900127737
1709396304318615,2900127740
1709396319419366,2900127742
1709396312234721,2900127745
1709396329705846,2900127747
1709396334639816,2900127750
1709396346862224,2900127752
1709396352642015,2900127754
1709396377568468,2900127757
1709396393556943,2900127761
1709396407950520,2900127766
1709396429443892,2900127768
1709396416359952,2900127771
1709396447357934,2900127774
1709396458670951,2900127776
1709396445611993,2900127779
1709396466144460,2900127781
1709396495400321,2900127783
1709396458579525,2900127786
1709396514060403,2900127789
1709396520156369,2900127791
1709396522401045,2900127793
1709396534546001,2900127797
1709396537425534,2900127799
1709396542754282,2900127801
1709396568471621,2900127804
1709396552966172,2900127806
1709396574011601,2900127809
1709396586121505,2900127811
1709396588980064,2900127813
1709396603672142,2900127816
1709396608298448,2900127819
1709396618752731,2900127822
1709396640010637,2900127823
1709396624576132,2900127826
1709396653181812,2900127829
1709396669921755,2900127831
1709396682817220,2900127834
1709396689180622,2900127836
1709396048757847,2900127838
1709396402455731,2900127763
1709396048757847,2900127689
1709396093677965,2900127692
1709396062115633,2900127694
1709396064949922,2900127697
1709396100538051,2900127700
1709396090571450,2900127702
1709396115018891,2900127705
1709396152784603,2900127708
1709396124792692,2900127709
1709396179762632,2900127712
1709396192786055,2900127715
1709396209461064,2900127717
1709396237784255,2900127719
1709396223649587,2900127722
1709396220387116,2900127725
1709396250843228,2900127727
1709396262045994,2900127730
1709396269366328,2900127732
1709396289020988,2900127735
1709396292896655,2900127737
1709396304318615,2900127740
1709396319419366,2900127742
1709396312234721,2900127745
1709396329705846,2900127747
1709396334639816,2900127750
1709396346862224,2900127752
1709396352642015,2900127754
1709396377568468,2900127757
1709396393556943,2900127761
1709396407950520,2900127766
1709396429443892,2900127768
1709396416359952,2900127771
1709396447357934,2900127774
1709396458670951,2900127776
1709396445611993,2900127779
1709396466144460,2900127781
1709396495400321,2900127783
1709396458579525,2900127786
1709396514060403,2900127789
1709396520156369,2900127791
1709396522401045,2900127793
1709396534546001,2900127797
1709396537425534,2900127799
1709396542754282,2900127801
1709396568471621,2900127804
1709396552966172,2900127806
1709396574011601,2900127809
1709396586121505,2900127811
1709396588980064,2900127813
1709396603672142,2900127816
1709396608298448,2900127819
1709396618752731,2900127822
1709396640010637,2900127823
1709396624576132,2900127826
1709396653181812,2900127829
1709396669921755,2900127831
1709396682817220,2900127834
1709396689180622,2900127836
1709396048757847,2900127838
1709396402455731,2900127763
1709396048757847,2900127689
1709396093677965,2900127692
1709396062115633,2900127694
1709396064949922,2900127697
1709396100538051,2900127700
1709396090571450,2900127702
1709396115018891,2900127705
1709396152784603,2900127708
1709396124792692,2900127709
1709396179762632,2900127712
1709396192786055,2900127715
1709396209461064,2900127717
1709396237784255,2900127719
1709396223649587,2900127722
1709396220387116,2900127725
1709396250843228,2900127727
1709396262045994,2900127730
1709396269366328,2900127732
1709396289020988,2900127735
1709396292896655,2900127737
1709396304318615,2900127740
1709396319419366,2900127742
1709396312234721,2900127745
1709396329705846,2900127747
1709396334639816,2900127750
1709396346862224,2900127752
1709396352642015,2900127754
1709396377568468,2900127757
1709396393556943,2900127761
1709396407950520,2900127766
1709396429443892,2900127768
1709396416359952,2900127771
1709396447357934,2900127774
1709396458670951,2900127776
1709396445611993,2900127779
1709396466144460,2900127781
1709396495400321,2900127783
1709396458579525,2900127786
1709396514060403,2900127789
1709396520156369,2900127791
1709396522401045,2900127793
1709396534546001,2900127797
1709396537425534,2900127799
1709396542754282,2900127801
1709396568471621,2900127804
1709396552966172,2900127806
1709396574011601,2900127809
1709396586121505,2900127811
1709396588980064,2900127813
1709396603672142,2900127816
1709396608298448,2900127819
1709396618752731,2900127822
1709396640010637,2900127823
1709396624576132,2900127826
1709396653181812,2900127829
1709396669921755,2900127831
1709396682817220,2900127834
1709396689180622,2900127836
1709396048757847,2900127838
1709396402455731,2900127763
1709396048757847,2900127689
1709396093677965,2900127692
1709396062115633,2900127694
1709396064949922,2900127697
1709396100538051,2900127700
1709396090571450,2900127702
1709396115018891,2900127705
1709396152784603,2900127708
1709396124792692,2900127709
1709396179762632,2900127712
1709396192786055,2900127715
1709396209461064,2900127717
1709396237784255,2900127719
1709396223649587,2900127722
1709396220387116,2900127725
1709396250843228,2900127727
1709396262045994,2900127730
1709396269366328,2900127732
1709396289020988,2900127735
1709396292896655,2900127737
1709396304318615,2900127740
1709396319419366,2900127742
1709396312234721,2900127745
1709396329705846,2900127747
1709396334639816,2900127750
1709396346862224,2900127752
1709396352642015,2900127754
1709396377568468,2900127757
1709396393556943,2900127761
1709396402455731,2900127763
1709396048757847,2900127689
1709396093677965,2900127692
1709396062115633,2900127694
1709396064949922,2900127697
1709396100538051,2900127700
1709396090571450,2900127702
1709396115018891,2900127705
1709396152784603,2900127708
1709396124792692,2900127709
1709396179762632,2900127712
1709396192786055,2900127715
1709396209461064,2900127717
1709396237784255,2900127719
1709396223649587,2900127722
1709396220387116,2900127725
1709396250843228,2900127727
1709396262045994,2900127730
1709396269366328,2900127732
1709396289020988,2900127735
1709396292896655,2900127737
1709396304318615,2900127740
1709396319419366,2900127742
1709396312234721,2900127745
1709396329705846,2900127747
1709396334639816,2900127750
1709396346862224,2900127752
1709396352642015,2900127754
1709396377568468,2900127757
1709396393556943,2900127761
1709396402455731,2900127763
1709396048757847,2900127689
1709396093677965,2900127692
1709396062115633,2900127694
1709396064949922,2900127697
1709396100538051,2900127700
1709396090571450,2900127702
1709396115018891,2900127705
1709396152784603,2900127708
1709396124792692,2900127709
1709396179762632,2900127712
1709396192786055,2900127715
1709396209461064,2900127717
1709396237784255,2900127719
1709396223649587,2900127722
1709396220387116,2900127725
1709396250843228,2900127727
1709396262045994,2900127730
1709396269366328,2900127732
1709396289020988,2900127735
1709396292896655,2900127737
1709396304318615,2900127740
1709396319419366,2900127742
1709396312234721,2900127745
1709396329705846,2900127747
1709396334639816,2900127750
1709396346862224,2900127752
1709396352642015,2900127754
1709396377568468,2900127757
1709396393556943,2900127761
1709396402455731,2900127763
1709396407950520,2900127766
1709396429443892,2900127768
1709396416359952,2900127771
1709396447357934,2900127774
1709396458670951,2900127776
1709396445611993,2900127779
1709396466144460,2900127781
1709396495400321,2900127783
1709396458579525,2900127786
1709396514060403,2900127789
1709396520156369,2900127791
1709396522401045,2900127793
1709396534546001,2900127797
1709396537425534,2900127799
1709396542754282,2900127801
1709396568471621,2900127804
1709396552966172,2900127806
1709396574011601,2900127809
1709396586121505,2900127811
1709396588980064,2900127813
1709396603672142,2900127816
1709396608298448,2900127819
1709396618752731,2900127822
1709396640010637,2900127823
1709396624576132,2900127826
1709396653181812,2900127829
1709396669921755,2900127831
1709396682817220,2900127834
1709396689180622,2900127836
1709396048757847,2900127838
1709396407950520,2900127766
1709396429443892,2900127768
1709396416359952,2900127771
1709396447357934,2900127774
1709396458670951,2900127776
1709396445611993,2900127779
1709396466144460,2900127781
1709396495400321,2900127783
1709396458579525,2900127786
1709396514060403,2900127789
1709396520156369,2900127791
1709396522401045,2900127793
1709396534546001,2900127797
1709396537425534,2900127799
1709396542754282,2900127801
1709396568471621,2900127804
1709396552966172,2900127806
1709396574011601,2900127809
1709396586121505,2900127811
1709396588980064,2900127813
1709396603672142,2900127816
1709396608298448,2900127819
1709396618752731,2900127822
1709396640010637,2900127823
1709396624576132,2900127826
1709396653181812,2900127829
1709396669921755,2900127831
1709396682817220,2900127834
1709396689180622,2900127836
1709396048757847,2900127838
1709396407950520,2900127766
1709396429443892,2900127768
1709396416359952,2900127771
1709396447357934,2900127774
1709396458670951,2900127776
1709396445611993,2900127779
1709396466144460,2900127781
1709396495400321,2900127783
1709396458579525,2900127786
1709396514060403,2900127789
1709396520156369,2900127791
1709396522401045,2900127793
1709396534546001,2900127797
1709396537425534,2900127799
1709396542754282,2900127801
1709396568471621,2900127804
1709396552966172,2900127806
1709396574011601,2900127809
1709396586121505,2900127811
1709396588980064,2900127813
1709396603672142,2900127816
1709396608298448,2900127819
1709396618752731,2900127822
1709396640010637,2900127823
1709396624576132,2900127826
1709396653181812,2900127829
1709396669921755,2900127831
1709396682817220,2900127834
1709396689180622,2900127836
1709396048757847,2900127838
