caseId,prlCancelHearingRequestId
1709566189424858,2900113904
1709566330086614,2900113908
1709566239773817,2900113909
1709566287626339,2900113913
1709566396332407,2900113915
1709566430680811,2900113916
1709566511469241,2900113919
1709566475477412,2900113922
1709566554858680,2900113923
1709566601260328,2900113924
1709566639948845,2900113928
1709566692286125,2900113930
1709566825908280,2900113934
1709566980364022,2900113935
1709566879787374,2900113938
1709566777737307,2900113942
1709567069337491,2900113944
1709566931081345,2900113946
1709567031768047,2900113948
1709567188673990,2900113949
1709567145865432,2900113952
1709567278893045,2900113955
1709567238439624,2900113958
1709567362171365,2900113960
1709567319760179,2900113961
1709567614063204,2900113966
1709567640704474,2900113967
1709567654623164,2900113971
1709567667583728,2900113973
1709567651177628,2900113974
1709567726406820,2900113978
1709567725970669,2900113981
1709567783571805,2900113983
1704898298830567,2900120778
1704898285539684,2900120779
1704898311594703,2900120780
1704898337182822,2900120781
1704898378256626,2900120786
1704898364911580,2900120787
1704898447723861,2900120788
1704898405234489,2900120790
1704898488419544,2900120795
1704898500342831,2900120796
1704898516283763,2900120797
1704898528464138,2900120798
1704898544099975,2900120799
1704898298830567,2900120802
1704898285539684,2900120807
1704898311594703,2900120808
1704898337182822,2900120812
1704898364911580,2900120817
1704898378256626,2900120821