caseId,prlUpdateHearingRequestId
1709568492354269,2900134640
1710959531338834,2900134721
1710959542150566,2900134809
1710959552053486,2900134820
1710959566112013,2900134894
1710959577305366,2900134899
1710959590593030,2900134911
1710959599978729,2900134985
1710959614010607,2900134991
1710959624253098,2900134993
1710959635281518,2900135077
1710959649636343,2900135082
1710959662094289,2900135088
1710959675781757,2900135171
1710959686095767,2900135173
1710959698462815,2900135184
1710959710989787,2900135257
1710959721438659,2900135265
1710959735200012,2900135266
1710959746145644,2900135357
1710959771730302,2900135361
1710959771876097,2900135362
1710959782293027,2900135446
1710959793710993,2900135456
1710959809047430,2900135462
1710959821551641,2900135540
1710959832158204,2900135546
1710959844151478,2900135557
1710959857445403,2900135637
1710959881946301,2900135653
1710959881803791,2900135655
1710959890864834,2900135731
1710959904573215,2900135744
1710959915674572,2900135748
1710959930653189,2900135829
1710959940400555,2900135839
1710959952481477,2900135849
1710959969443411,2900135928
1710959975749074,2900135929
1710959989632704,2900135944
1710960002090540,2900136018
1710960015871969,2900136024
1710960024725354,2900136032
1710960039415132,2900136118
1710960048942803,2900136121
1710960061720417,2900136133
1710960074573860,2900136212
1710960087778985,2900136221
1710960101864993,2900136230
1710960109785331,2900136310
1710960122429917,2900136321
1710960133521140,2900136324
1710960145509869,2900136414
1710960160327320,2900136417
1710960169412552,2900136428
1710960183161615,2900136511
1710960207211123,2900136515
1710960193782038,2900136516
1710960217258353,2900136599
1710960231532429,2900136613
1710960245145333,2900136622
1710960256013958,2900136704
1710960269199729,2900136714
1710960279248425,2900136723
1710960304381191,2900136795
1710960291795767,2900136800
1710960316323470,2900136810
1710960326496662,2900136896
1710960342507708,2900136897
1710960352933356,2900136907
1710960374878365,2900136996
1710960366171571,2900136997
1710960389986518,2900137010
1710960399899115,2900137084
1710960413523865,2900137094
1710960425825563,2900137098
1710960436372068,2900137187
1710960449737943,2900137201
1710960464711591,2900137208
1710960472268337,2900137282
1710960485286516,2900137287
1710960497723548,2900137302
1710960509974238,2900137380
1710960534445337,2900137383
1710960521362925,2900137386
1710960545515995,2900137482
1710960558599472,2900137486
1710960572307951,2900137488
1710960583802792,2900137580
1710960596340590,2900137583
1710960606137762,2900137589
1710960618494516,2900137678
1710960631744897,2900137679
1710960643197944,2900137687
1710960654451735,2900137771
1710960667404754,2900137785
1710960677680880,2900137788
1710960691880136,2900137868
1710960705170730,2900137878
1710960716937101,2900137890
1710960728398557,2900137970
1710960742293404,2900137977
1710960751556139,2900137981
1710960767525979,2900138061
1710960789889437,2900138071
1710960776648853,2900138076
1710960800165882,2900138159
1710960824956837,2900138173
1710960814039917,2900138174
1710960837487564,2900138255
1710960846968216,2900138266
1710960862439084,2900138270
1710960875173936,2900138352
1710960886966849,2900138355
1710960896612367,2900138357
1710960908255692,2900138446
1710960921763847,2900138456
1710960932478419,2900138538
1710960947114090,2900138541
1710960958703518,2900138630
1710960002090540,2900132898
1710960015871969,2900132918
1710960024725354,2900132928
1710960039415132,2900132957
1710960048942803,2900132969
1710960061720417,2900132991
1710960074573860,2900133011
1710960087778985,2900133031
1710960101864993,2900133039
1710960109785331,2900133068
1710960122429917,2900133085
1710960133521140,2900133099
1710960145509869,2900133128
1710960160327320,2900133145
1710960169412552,2900133154
1710960183161615,2900133185
1710960193782038,2900133195
1710960207211123,2900133217
1710960217258353,2900133238
1710960231532429,2900133262
1710960245145333,2900133268
1710960256013958,2900133304
1710960269199729,2900133315
1710960279248425,2900133333
1710960291795767,2900133359
1710960304381191,2900133370
1710960316323470,2900133389
1710960326496662,2900133416
1710960342507708,2900133433
1710960352933356,2900133439
1710960366171571,2900133468
1710960374878365,2900133491
1710960389986518,2900133501
1710960399899115,2900133527
1710960413523865,2900133543
1710960425825563,2900133562
1710960436372068,2900133586
1710960449737943,2900133597
1710960464711591,2900133612
1710960472268337,2900133645
1710960485286516,2900133660
1710960497723548,2900133670
1710960509974238,2900133697
1710960534445337,2900133721
1710960521362925,2900133729
1710960545515995,2900133759
1710960558599472,2900133768