caseId,hearingRequestId
1704721870319090,2900057454
1704721867165779,2900057472
1704721870319090,2900057473
1704721867165779,2900057474
1704721860826542,2900057475
1704721867165779,2900057482
1704721870319090,2900057483
1704721860826542,2900057484
1704721864050487,2900057486
1704721867165779,2900057487
1704721870319090,2900057490
1704721860826542,2900057491
1704721864050487,2900057493
1704721867165779,2900057494
1704721870319090,2900057497
1704721860826542,2900057498
1704721864050487,2900057501
1704721867165779,2900057502
1704721870319090,2900057504
1704721860826542,2900057505
1704721864050487,2900057508
1704721867165779,2900057529
1704721867165779,2900057531
1704721867165779,2900057533
1704721867165779,2900057535
1704721867165779,2900057536
1704721867165779,2900057539
1704721867165779,2900057541
1704721867165779,2900057542
1704721867165779,2900057544
1704721018799500,2900057600
1704721021848120,2900057601
1704721024851303,2900057602
1704721028071478,2900057603
1704721031439837,2900057604
1704721034609816,2900057605
1704721038342018,2900057606
1704721041551639,2900057607
1704721044378311,2900057608
1704721048336935,2900057609
1704721052481726,2900057610
1704721056018458,2900057611
1704721059050300,2900057612
1704721062884661,2900057613
1704721066316397,2900057614
1704721069610689,2900057615
1704721073171124,2900057616
1704721075918290,2900057617
1704721079788053,2900057618
1704721083129922,2900057619
1704721086864616,2900057620
1704721090747153,2900057621
1704721094754494,2900057622
1704721097945727,2900057623
1704721101212734,2900057624
1704721104709223,2900057625
1704721107988592,2900057626
1704721112518426,2900057627
1704721117603454,2900057628
1704721121425373,2900057629
1704721126451895,2900057630
1704721129604805,2900057631
1704721133405462,2900057632
1704721137125843,2900057633
1704721140674134,2900057634
1704721143784971,2900057635
1704721148152604,2900057636
1704721151485651,2900057637
1704721155082710,2900057638
1704721158176873,2900057639
1704721161129026,2900057640
1704721165522879,2900057641
1704721168453940,2900057642
1704721172107169,2900057643
1704721175194594,2900057644
1704721178728687,2900057645
1704721183766359,2900057646
1704721187664576,2900057647
1704721190993798,2900057648
1704721194135610,2900057649
1704721197408691,2900057650
1704721870319090,2900057454
1704721867165779,2900057472
1704721870319090,2900057473
1704721867165779,2900057474
1704721860826542,2900057475
1704721867165779,2900057482
1704721870319090,2900057483
1704721860826542,2900057484
1704721864050487,2900057486
1704721867165779,2900057487
1704721870319090,2900057490
1704721860826542,2900057491
1704721864050487,2900057493
1704721867165779,2900057494
1704721870319090,2900057497
1704721860826542,2900057498
1704721864050487,2900057501
1704721867165779,2900057502
1704721870319090,2900057504
1704721860826542,2900057505
1704721864050487,2900057508
1704721867165779,2900057529
1704721867165779,2900057531
1704721867165779,2900057533
1704721867165779,2900057535
1704721867165779,2900057536
1704721867165779,2900057539
1704721867165779,2900057541
1704721867165779,2900057542
1704721867165779,2900057544
