user,password,clientsecret,xui-webapp
pcs-solicitor141@test.com,Pa$$w0rd,Tk9DRkxHVlk0QUxHMzRTRA==,s%3AkOWIZpgx_y5bnuIGp3zlaYpOTsrbmQfI.mGrUEjil%2FaZ%2FZIvPNr7o2TzWxgKmolvFY4YZ63NrCSo
pcs-solicitor142@test.com,Pa$$w0rd,Tk9DRkxHVlk0QUxHMzRTRA==,s%3A1Ha1fMoTLuwetwQ-EwNaPmm_kQ9CzvTX.s2VgiM6THjpQhX6FP8%2F%2BDDLSDi%2BJMkvjNpECGOOodIU
pcs-solicitor143@test.com,Pa$$w0rd,Tk9DRkxHVlk0QUxHMzRTRA==,s%3A8u9RBI4GLvyzSsiID3SHXP1YLWmsDJLV.lXBGQBs1LJF2OPCis5h1G7tIHaCGqNVfXxcYUeZozj0
pcs-solicitor144@test.com,Pa$$w0rd,Tk9DRkxHVlk0QUxHMzRTRA==,s%3AF7ECrDIMcHiICewHEIs72UGLvoA3m5yX.xb8PtDIsaPVB5NETA2%2Faf%2Fb65MUZTi%2B2oR%2BgBsIgtMg
pcs-solicitor145@test.com,Pa$$w0rd,Tk9DRkxHVlk0QUxHMzRTRA==,s%3A8xXV1TqLfb80eEaB97gzhbFlnZITD2X4.PxNkW6JyFb%2FM0uMFjYuZk10mUVx72ZCd8uy%2Bt0qErtE
pcs-solicitor146@test.com,Pa$$w0rd,Tk9DRkxHVlk0QUxHMzRTRA==,s%3AdPjRPMfyKHMVvDZu4uzLUGd97J00-OYl.HgQ6AGwS3dTMKIo%2BJIM7l0vwAEQbw%2FGqnoitWhUTkH4
pcs-solicitor147@test.com,Pa$$w0rd,Tk9DRkxHVlk0QUxHMzRTRA==,s%3AfXOF3Qk-mCLaKFBqwhMwbxlqMoCLJnRU.%2FRUqJUtVUqzxg0m0%2BfghoWihFGdK0sWRYYJmmbdsI1s
pcs-solicitor148@test.com,Pa$$w0rd,Tk9DRkxHVlk0QUxHMzRTRA==,s%3AahqVsE4Yv2CIMFpOTJdvGGft7Q6TTWfE.CMG1eKoooSd7ziaDCPoK%2BpVa32hlKJriqb1y9yrstZo
pcs-solicitor149@test.com,Pa$$w0rd,Tk9DRkxHVlk0QUxHMzRTRA==,s%3ADU98PfgdypFfCz9gIzMGa0AaQw3WvlsU.T2yFEvEboGgmV5VuLW5tU%2FB7b4ru8mNfDvyA74k%2F75I
pcs-solicitor150@test.com,Pa$$w0rd,Tk9DRkxHVlk0QUxHMzRTRA==,s%3AFNuORylGOPM2rmGgVbwGHaqaut21EiGl.lc7YrjTpmM6vEnbT9bhW%2BJoYfY4SvHaXefTZ0Shwqgo
pcs-solicitor151@test.com,Pa$$w0rd,Tk9DRkxHVlk0QUxHMzRTRA==,s%3ACYKJpOfZ4G90DH11h3olFN0C8cCmuH_X.NuU1H2mrXr7BG1kzxra1L2vcqwW3H2YS4%2B00vysvH3I
pcs-solicitor152@test.com,Pa$$w0rd,Tk9DRkxHVlk0QUxHMzRTRA==,s%3AswD8QwUdjmfRjIB1Q30dwkNaYM7Lv42_.ptlQdif0aXaATQxglKK2PdJg9EAgHYVpozgIyoPP2PE
pcs-solicitor153@test.com,Pa$$w0rd,Tk9DRkxHVlk0QUxHMzRTRA==,s%3AzzJfxozMComccc9vyVfz2nA-wV1D4En6.izXeW%2BJTyJXB2uABSwxzfKoHU%2FqwXNMKkK3zS5vgiUE
pcs-solicitor154@test.com,Pa$$w0rd,Tk9DRkxHVlk0QUxHMzRTRA==,s%3A2ZdVkIAMVHi8eAOIgFmN2dQcoTzWo-Oz.IDoSgrokWoX54EAr4zrisUF13tqdn%2B969b3%2BGdSp7Ko
pcs-solicitor155@test.com,Pa$$w0rd,Tk9DRkxHVlk0QUxHMzRTRA==,s%3Ae3Sqot0hSwAnWyb9ZptwAP-q29jOxFb4.Pggst1cYLPlT%2BKaYkbumhae2Q0IGC3Nw%2BrJT4ssLAyA
pcs-solicitor156@test.com,Pa$$w0rd,Tk9DRkxHVlk0QUxHMzRTRA==,s%3AsMbmpuX8-98HZPteBBhwGBPpkH8Tb5AD.%2FkM0wx4%2Bxi%2FxTfIsVa3BB%2BR1VlrwV%2Bzt66ohoRA4hhQ
pcs-solicitor157@test.com,Pa$$w0rd,Tk9DRkxHVlk0QUxHMzRTRA==,s%3AZL8bLnt3flTEaBWgH8_7yN7jgBq0QGwY.DPWJGVWJhgMEE%2BrtJeMiBvW%2BmTcwpP%2FanTY6OzOv1T4
pcs-solicitor158@test.com,Pa$$w0rd,Tk9DRkxHVlk0QUxHMzRTRA==,s%3Av0YE_3DpTV2T57IZlU37P-YQpoxpCtWB.pAv0KRIXLBRFpb61FuAj6pGy5vgUwALYb3wcYDxHS2E
pcs-solicitor159@test.com,Pa$$w0rd,Tk9DRkxHVlk0QUxHMzRTRA==,s%3AjgYNoD2_J-49D_38SxcIXMzpoIaoKPB9.EQVuqUPY3YmQoPwm0DRrYNPjDcmMUZ0f4i1JoB4di88
pcs-solicitor160@test.com,Pa$$w0rd,Tk9DRkxHVlk0QUxHMzRTRA==,s%3A-xDH6sFobK-0gptC_-LwDIN52p9cX30M.SVTKLrY3w3LRnmhv%2F1jWsnwgDekmu1vJMqjDDy6JO6Q