Username,Password,caseId
pcs.ctscadmin_hearing08@justice.gov.uk,Pa$$w0rd,1785938488915695
pcs.ctscadmin_hearing14@justice.gov.uk,Pa$$w0rd,1785938513600601
pcs.ctscadmin_hearing16@justice.gov.uk,Pa$$w0rd,1785938551500259
pcs.ctscadmin_hearing17@justice.gov.uk,Pa$$w0rd,1785938604181511
pcs.ctscadmin_hearing11@justice.gov.uk,Pa$$w0rd,1785940446518835
pcs.ctscadmin_hearing16@justice.gov.uk,Pa$$w0rd,1785940418209546
pcs.ctscadmin_hearing17@justice.gov.uk,Pa$$w0rd,1785937877364598
pcs.ctscadmin_hearing11@justice.gov.uk,Pa$$w0rd,1785937934548506
pcs.ctscadmin_hearing12@justice.gov.uk,Pa$$w0rd,1785938001055896
pcs.ctscadmin_hearing13@justice.gov.uk,Pa$$w0rd,1785940467119901
pcs.ctscadmin_hearing01@justice.gov.uk,Pa$$w0rd,1785938200607836
pcs.ctscadmin_hearing07@justice.gov.uk,Pa$$w0rd,1785938427842075